[{"id":"1","name":"Afghanistan","img":"af"},{"id":"2","name":"Aland Islands","img":"ax"},{"id":"3","name":"Albania","img":"al"},{"id":"4","name":"Algeria","img":"dz"},{"id":"5","name":"American Samoa","img":"as"},{"id":"6","name":"Andorra","img":"ad"},{"id":"7","name":"Angola","img":"ao"},{"id":"8","name":"Anguilla","img":"ai"},{"id":"9","name":"Antarctica","img":"aq"},{"id":"10","name":"Antigua and Barbuda","img":"ag"},{"id":"11","name":"Argentina","img":"ar"},{"id":"12","name":"Armenia","img":"am"},{"id":"13","name":"Aruba","img":"aw"},{"id":"14","name":"Australia","img":"au"},{"id":"15","name":"Austria","img":"at"},{"id":"16","name":"Azerbaijan","img":"az"},{"id":"17","name":"Bahamas","img":"bs"},{"id":"18","name":"Bahrain","img":"bh"},{"id":"19","name":"Bangladesh","img":"bd"},{"id":"20","name":"Barbados","img":"bb"},{"id":"21","name":"Belarus","img":"by"},{"id":"22","name":"Belgium","img":"be"},{"id":"23","name":"Belize","img":"bz"},{"id":"24","name":"Benin","img":"bj"},{"id":"25","name":"Bermuda","img":"bm"},{"id":"26","name":"Bhutan","img":"bt"},{"id":"27","name":"Bolivia, Plurinational State of","img":"bo"},{"id":"28","name":"Bonaire, Sint Eustatius and Saba","img":"bq"},{"id":"29","name":"Bosnia and Herzegovina","img":"ba"},{"id":"30","name":"Botswana","img":"bw"},{"id":"31","name":"Bouvet Island","img":"bv"},{"id":"32","name":"Brazil","img":"br"},{"id":"33","name":"British Indian Ocean Territory","img":"io"},{"id":"34","name":"Brunei Darussalam","img":"bn"},{"id":"35","name":"Bulgaria","img":"bg"},{"id":"36","name":"Burkina Faso","img":"bf"},{"id":"37","name":"Burundi","img":"bi"},{"id":"38","name":"Cambodia","img":"kh"},{"id":"39","name":"Cameroon","img":"cm"},{"id":"40","name":"Canada","img":"ca"},{"id":"41","name":"Cape Verde","img":"cv"},{"id":"42","name":"Cayman Islands","img":"ky"},{"id":"43","name":"Central African Republic","img":"cf"},{"id":"44","name":"Chad","img":"td"},{"id":"45","name":"Chile","img":"cl"},{"id":"46","name":"China","img":"cn"},{"id":"47","name":"Christmas Island","img":"cx"},{"id":"48","name":"Cocos (Keeling) Islands","img":"cc"},{"id":"49","name":"Colombia","img":"co"},{"id":"50","name":"Comoros","img":"km"},{"id":"51","name":"Congo","img":"cg"},{"id":"52","name":"Congo, The Democratic Republic of the","img":"cd"},{"id":"53","name":"Cook Islands","img":"ck"},{"id":"54","name":"Costa Rica","img":"cr"},{"id":"55","name":"Cote d'Ivoire","img":"ci"},{"id":"56","name":"Croatia","img":"hr"},{"id":"57","name":"Cuba","img":"cu"},{"id":"58","name":"Curacao","img":"cw"},{"id":"59","name":"Cyprus","img":"cy"},{"id":"60","name":"Czech Republic","img":"cz"},{"id":"61","name":"Denmark","img":"dk"},{"id":"62","name":"Djibouti","img":"dj"},{"id":"63","name":"Dominica","img":"dm"},{"id":"64","name":"Dominican Republic","img":"do"},{"id":"65","name":"Ecuador","img":"ec"},{"id":"66","name":"Egypt","img":"eg"},{"id":"67","name":"El Salvador","img":"sv"},{"id":"68","name":"Equatorial Guinea","img":"gq"},{"id":"69","name":"Eritrea","img":"er"},{"id":"70","name":"Estonia","img":"ee"},{"id":"71","name":"Ethiopia","img":"et"},{"id":"72","name":"Falkland Islands (Malvinas)","img":"fk"},{"id":"73","name":"Faroe Islands","img":"fo"},{"id":"74","name":"Fiji","img":"fj"},{"id":"75","name":"Finland","img":"fi"},{"id":"76","name":"France","img":"fr"},{"id":"77","name":"French Guiana","img":"gf"},{"id":"78","name":"French Polynesia","img":"pf"},{"id":"79","name":"French Southern Territories","img":"tf"},{"id":"80","name":"Gabon","img":"ga"},{"id":"81","name":"Gambia","img":"gm"},{"id":"82","name":"Georgia","img":"ge"},{"id":"83","name":"Germany","img":"de"},{"id":"84","name":"Ghana","img":"gh"},{"id":"85","name":"Gibraltar","img":"gi"},{"id":"86","name":"Greece","img":"gr"},{"id":"87","name":"Greenland","img":"gl"},{"id":"88","name":"Grenada","img":"gd"},{"id":"89","name":"Guadeloupe","img":"gp"},{"id":"90","name":"Guam","img":"gu"},{"id":"91","name":"Guatemala","img":"gt"},{"id":"92","name":"Guernsey","img":"gg"},{"id":"93","name":"Guinea","img":"gn"},{"id":"94","name":"Guinea-Bissau","img":"gw"},{"id":"95","name":"Guyana","img":"gy"},{"id":"96","name":"Haiti","img":"ht"},{"id":"97","name":"Heard Island and McDonald Islands","img":"hm"},{"id":"98","name":"Holy See (Vatican City State)","img":"va"},{"id":"99","name":"Honduras","img":"hn"},{"id":"100","name":"Hong Kong","img":"hk"}]